LOG1;LOCAL;TIPO_ACID;DIA_SEM;TEMPO;NOITE_DIA;REGIAO;LONGITUDE;LATITUDE;ANO
R DR BARCELOS;Logradouro;QUEDA;QUARTA-FEIRA;BOM;DIA;SUL;-51,245255;-30,103397;2014
AV PADRE CACIQUE;Logradouro;QUEDA;SABADO;BOM;NOITE;SUL;-51,244228;-30,076054;2014
AV OTTO NIEMEYER;Logradouro;ATROPELAMENTO;SABADO;BOM;DIA;SUL;-51,241941;-30,104874;2014
AV PADRE CACIQUE;Logradouro;CHOQUE;QUINTA-FEIRA;BOM;NOITE;SUL;-51,240237;-30,071893;2014
AV EDVALDO PEREIRA PAIVA;Logradouro;ATROPELAMENTO;DOMINGO;BOM;NOITE;CENTRO;-51,236148;-30,060496;2014
AV PADRE CACIQUE;Logradouro;ATROPELAMENTO;SEGUNDA-FEIRA;BOM;DIA;SUL;-51,231593;-30,062504;2014
AV LOUREIRO DA SILVA;Logradouro;CHOQUE;QUINTA-FEIRA;BOM;NOITE;CENTRO;-51,229511;-30,037533;2014
AV DA CAVALHADA;Logradouro;ABALROAMENTO;DOMINGO;BOM;DIA;SUL;-51,229411;-30,105008;2014
AV BORGES DE MEDEIROS;Logradouro;ATROPELAMENTO;SABADO;BOM;NOITE;CENTRO;-51,228116;-30,036618;2014
AV BORGES DE MEDEIROS;Logradouro;ATROPELAMENTO;TERCA-FEIRA;BOM;DIA;CENTRO;-51,22774;-30,029729;2014
R DONA OTILIA;Cruzamento;ATROPELAMENTO;SEGUNDA-FEIRA;BOM;NOITE;SUL;-51,227326;-30,079799;2014
AV SENADOR SALGADO FILHO;Logradouro;ATROPELAMENTO;QUINTA-FEIRA;BOM;DIA;CENTRO;-51,227202;-30,029962;2014
AV DA CAVALHADA;Logradouro;CHOQUE;DOMINGO;BOM;NOITE;SUL;-51,226405;-30,112834;2014
AV LOUREIRO DA SILVA;Logradouro;ATROPELAMENTO;TERCA-FEIRA;BOM;DIA;CENTRO;-51,226391;-30,036769;2014
R GREGORIO DA FONSECA;Cruzamento;ATROPELAMENTO;SEXTA-FEIRA;BOM;DIA;SUL;-51,224258;-30,08787;2014
R PROF ANNES DIAS;Logradouro;ATROPELAMENTO;SEXTA-FEIRA;BOM;DIA;CENTRO;-51,221765;-30,028786;2014
AV EDUARDO PRADO;Logradouro;CHOQUE;QUARTA-FEIRA;BOM;DIA;SUL;-51,221722;-30,121507;2014
R A ILHA DO PAVAO;Logradouro;ATROPELAMENTO;SEGUNDA-FEIRA;BOM;DIA;NORTE;-51,221405;-29993069;2014
AV ERICO VERISSIMO;Logradouro;ABALROAMENTO;QUINTA-FEIRA;BOM;DIA;CENTRO;-51,220022;-30,043673;2014
AV DA SERRARIA;Logradouro;CHOQUE;SEXTA-FEIRA;BOM;NOITE;SUL;-51,219961;-30,152828;2014
TUN NS DA CONCEICAO-ELEVADAS;Logradouro;ATROPELAMENTO;QUINTA-FEIRA;BOM;NOITE;CENTRO;-51,219203;-30,025414;2014
AV JOAO PESSOA;Logradouro;ATROPELAMENTO;DOMINGO;BOM;DIA;CENTRO;-51,218968;-30,036974;2014
AV INDEPENDENCIA;Logradouro;ATROPELAMENTO;SEGUNDA-FEIRA;BOM;NOITE;CENTRO;-51,218868;-30,028553;2014
AV VICENTE MONTEGGIA;Logradouro;COLISAO;QUARTA-FEIRA;BOM;NOITE;SUL;-51,218471;-30,110179;2014
AV EDUARDO PRADO;Logradouro;ATROPELAMENTO;QUARTA-FEIRA;CHUVOSO;NOITE;SUL;-51,21832;-30,129106;2014
AV VICENTE MONTEGGIA;Logradouro;QUEDA;SABADO;BOM;DIA;SUL;-51,217954;-30,110573;2014
AV FARRAPOS;Logradouro;ABALROAMENTO;SABADO;BOM;NOITE;CENTRO;-51,217742;-30,025656;2014
AV JOAO PESSOA;Logradouro;ATROPELAMENTO;SEXTA-FEIRA;BOM;DIA;CENTRO;-51,215317;-30,041575;2014
AV JOAO PESSOA;Logradouro;CHOQUE;QUINTA-FEIRA;BOM;NOITE;CENTRO;-51,214333;-30,04297;2014
AV DA AZENHA;Logradouro;ATROPELAMENTO;TERCA-FEIRA;BOM;DIA;CENTRO;-51,214234;-30,043732;2014
AV DR CARLOS BARBOSA;Logradouro;ATROPELAMENTO;SEGUNDA-FEIRA;BOM;NOITE;SUL;-51,211945;-30,062607;2014
AV CRISTOVAO COLOMBO;Logradouro;ATROPELAMENTO;QUINTA-FEIRA;BOM;DIA;CENTRO;-51,211026;-30,023563;2014
AV ENG LUDOLFO BOEHL;Cruzamento;ABALROAMENTO;SEGUNDA-FEIRA;CHUVOSO;NOITE;SUL;-51,210192;-30,079984;2014
AV OSVALDO ARANHA;Logradouro;ATROPELAMENTO;SEXTA-FEIRA;BOM;DIA;CENTRO;-51,2098;-30,035486;2014
ESTR RETIRO DA PONTA GROSSA;Logradouro;CAPOTAGEM;SEGUNDA-FEIRA;BOM;NOITE;SUL;-51,20802;-30,182464;2014
R VICENTE DA FONTOURA;Cruzamento;ABALROAMENTO;QUARTA-FEIRA;BOM;DIA;LESTE;-51,208001;-30,052003;2014
AV DA LEGALIDADE E DA DEMOCRACIA;Logradouro;CHOQUE;SABADO;BOM;NOITE;NORTE;-51,207393;-29999710;2014
AV JUCA BATISTA;Logradouro;ATROPELAMENTO;SABADO;BOM;DIA;SUL;-51,206837;-30,146666;2014
AV IPIRANGA;Logradouro;CHOQUE;SEGUNDA-FEIRA;BOM;NOITE;LESTE;-51,206702;-30,042728;2014
AV CEL APARICIO BORGES;Logradouro;ABALROAMENTO;QUINTA-FEIRA;BOM;DIA;SUL;-51,204836;-30,074493;2014
R SAO MANOEL;Logradouro;CHOQUE;SEGUNDA-FEIRA;BOM;NOITE;LESTE;-51,203769;-30,044682;2014
R ERNESTO FONTOURA;Cruzamento;ABALROAMENTO;TERCA-FEIRA;BOM;DIA;NORTE;-51,202765;-30,006689;2014
AV CRISTOVAO COLOMBO;Logradouro;ATROPELAMENTO;QUINTA-FEIRA;BOM;DIA;NORTE;-51,201266;-30,017275;2014
R DONA LAURA;Cruzamento;ABALROAMENTO;SABADO;BOM;NOITE;LESTE;-51,201098;-30,028639;2014
AV CEL APARICIO BORGES;Logradouro;ATROPELAMENTO;SEXTA-FEIRA;BOM;NOITE;SUL;-51,199756;-30,072538;2014
AV SERTORIO;Logradouro;ABALROAMENTO;SEXTA-FEIRA;BOM;DIA;NORTE;-51,199507;-29998998;2014
AV CEL APARICIO BORGES;Logradouro;ATROPELAMENTO;TERCA-FEIRA;BOM;NOITE;SUL;-51,199409;-30,072471;2014
AV JUCA BATISTA;Logradouro;CHOQUE;DOMINGO;BOM;NOITE;SUL;-51,198756;-30,154484;2014
R EUCLYDES DA CUNHA;Cruzamento;ATROPELAMENTO;DOMINGO;BOM;DIA;LESTE;-51,198436;-30,052322;2014
R PAULINO AZURENHA;Logradouro;QUEDA;SABADO;BOM;DIA;SUL;-51,197991;-30,069786;2014
R LAURO MULLER;Cruzamento;ABALROAMENTO;QUARTA-FEIRA;BOM;DIA;NORTE;-51,197436;-29996240;2014
AV A J RENNER;Logradouro;ABALROAMENTO;SABADO;BOM;NOITE;NORTE;-51,196206;-29992367;2014
AV CEL LUCAS DE OLIVEIRA;Logradouro;ATROPELAMENTO;QUARTA-FEIRA;BOM;DIA;LESTE;-51,195872;-30,046097;2014
ESTR CRISTIANO KRAEMER;Logradouro;ATROPELAMENTO;SEGUNDA-FEIRA;BOM;NOITE;SUL;-51,195577;-30,135223;2014
R CAIRU;Cruzamento;ABALROAMENTO;QUARTA-FEIRA;BOM;NOITE;NORTE;-51,193415;-30,005736;2014
R CLEBERTO GUEDES;Logradouro;CHOQUE;QUARTA-FEIRA;BOM;DIA;SUL;-51,193371;-30,080651;2014
AV ERNESTO NEUGEBAUER;Logradouro;QUEDA;DOMINGO;BOM;DIA;NORTE;-51,192317;-29991996;2014
AV BENTO GONCALVES;Logradouro;ABALROAMENTO;SEGUNDA-FEIRA;BOM;DIA;LESTE;-51,192156;-30,058989;2014
AV BENTO GONCALVES;Logradouro;ABALROAMENTO;TERCA-FEIRA;BOM;NOITE;LESTE;-51,19204;-30,058994;2014
AV SERTORIO;Logradouro;ABALROAMENTO;QUARTA-FEIRA;BOM;DIA;NORTE;-51,190354;-30,000955;2014
ESTR RETIRO DA PONTA GROSSA;Logradouro;COLISAO;SABADO;BOM;DIA;SUL;-51,189396;-30,181088;2014
R EDU CHAVES;Logradouro;CHOQUE;SABADO;BOM;NOITE;NORTE;-51,188633;-29996841;2014
AV PROF OSCAR PEREIRA;Logradouro;CHOQUE;SABADO;BOM;NOITE;SUL;-51,187496;-30,086538;2014
R MARIA LUIZA PERES;Logradouro;COLISAO;SABADO;BOM;DIA;LESTE;-51,186452;-30,072292;2014
R GUILHERME ALVES;Logradouro;ATROPELAMENTO;SEGUNDA-FEIRA;BOM;DIA;LESTE;-51,186281;-30,050878;2014
AV IPIRANGA;Logradouro;CAPOTAGEM;DOMINGO;CHUVOSO;DIA;LESTE;-51,185553;-30,056006;2014
R GUILHERME ALVES;Logradouro;ATROPELAMENTO;TERCA-FEIRA;BOM;NOITE;LESTE;-51,185263;-30,048682;2014
AV DR NILO PECANHA;Logradouro;CHOQUE;TERCA-FEIRA;BOM;DIA;LESTE;-51,185052;-30,033418;2014
AV AUGUSTO MEYER;Logradouro;COLISAO;SABADO;BOM;NOITE;NORTE;-51,18501;-30,020445;2014
R DR SALVADOR FRANCA;Logradouro;ABALROAMENTO;SEXTA-FEIRA;BOM;NOITE;LESTE;-51,183337;-30,055516;2014
AV SEVERO DULLIUS;Logradouro;ABALROAMENTO;SEGUNDA-FEIRA;BOM;DIA;NORTE;-51,178763;-29987264;2014
AV BENTO GONCALVES;Logradouro;ATROPELAMENTO;QUARTA-FEIRA;BOM;DIA;LESTE;-51,178303;-30,062274;2014
AV PROF OSCAR PEREIRA;Logradouro;QUEDA;DOMINGO;BOM;NOITE;SUL;-51,17766;-30,095191;2014
AV JUCA BATISTA;Logradouro;ABALROAMENTO;SEXTA-FEIRA;BOM;NOITE;SUL;-51,176861;-30,173407;2014
AV LUIZ MOSCHETTI;Logradouro;ATROPELAMENTO;QUARTA-FEIRA;BOM;DIA;LESTE;-51,176811;-30,06825;2014
ESTR COSTA GAMA;Logradouro;QUEDA;TERCA-FEIRA;BOM;DIA;SUL;-51,175272;-30,134066;2014
AV PLINIO BRASIL MILANO;Logradouro;ATROPELAMENTO;TERCA-FEIRA;BOM;DIA;NORTE;-51,17517;-30,017548;2014
AV EDGAR PIRES DE CASTRO;Logradouro;ATROPELAMENTO;SEGUNDA-FEIRA;BOM;DIA;SUL;-51,174652;-30,154716;2014
AV EDGAR PIRES DE CASTRO;Logradouro;CHOQUE;SABADO;BOM;NOITE;SUL;-51,173161;-30,154983;2014
AV PLINIO BRASIL MILANO;Logradouro;ATROPELAMENTO;SABADO;BOM;NOITE;NORTE;-51,171614;-30,011858;2014
AV IPIRANGA;Logradouro;ABALROAMENTO;QUARTA-FEIRA;BOM;DIA;LESTE;-51,169218;-30,054616;2014
ESTR AFONSO LOURENCO MARIANTE;Logradouro;COLISAO;SEGUNDA-FEIRA;BOM;DIA;SUL;-51,166037;-30,112863;2014
AV JOAO WALLIG;Logradouro;ABALROAMENTO;SABADO;BOM;NOITE;NORTE;-51,163292;-30,02528;2014
R NOVE DE JUNHO;Logradouro;CHOQUE;TERCA-FEIRA;BOM;NOITE;LESTE;-51,161099;-30,071319;2014
R NOVE DE JUNHO;Logradouro;ABALROAMENTO;QUARTA-FEIRA;BOM;DIA;LESTE;-51,161035;-30,071322;2014
AV ASSIS BRASIL;Logradouro;ATROPELAMENTO;SEGUNDA-FEIRA;BOM;DIA;NORTE;-51,159193;-30,009723;2014
AV ASSIS BRASIL;Logradouro;ATROPELAMENTO;QUINTA-FEIRA;CHUVOSO;DIA;NORTE;-51,159133;-30,009716;2014
AV DO FORTE;Logradouro;QUEDA;DOMINGO;BOM;NOITE;NORTE;-51,152725;-30,01327;2014
AV SERTORIO;Logradouro;CAPOTAGEM;QUINTA-FEIRA;BOM;DIA;NORTE;-51,152584;-29997156;2014
AV SERTORIO;Logradouro;ABALROAMENTO;QUARTA-FEIRA;BOM;NOITE;NORTE;-51,151829;-29997142;2014
ESTR JOAO ANTONIO SILVEIRA;Logradouro;ATROPELAMENTO;DOMINGO;BOM;NOITE;SUL;-51,151661;-30,163206;2014
AV IPIRANGA;Logradouro;CHOQUE;QUARTA-FEIRA;BOM;NOITE;LESTE;-51,151402;-30,060826;2014
AV SERTORIO;Logradouro;ATROPELAMENTO;SEXTA-FEIRA;BOM;NOITE;NORTE;-51,149813;-29997046;2014
R CAPITAO PEDROSO;Logradouro;ABALROAMENTO;DOMINGO;BOM;NOITE;SUL;-51,148621;-30,164808;2014
AV ANTONIO CARVALHO;Logradouro;QUEDA;QUINTA-FEIRA;BOM;NOITE;NORTE;-51,147638;-30,056327;2014
ESTR BARRO VERMELHO;Logradouro;ATROPELAMENTO;SEXTA-FEIRA;BOM;DIA;SUL;-51,147629;-30,162271;2014
ESTR JOAO ANTONIO SILVEIRA;Logradouro;ATROPELAMENTO;TERCA-FEIRA;BOM;NOITE;SUL;-51,1463;-30,157868;2014
ESTR CHACARA DO BANCO;Logradouro;CHOQUE;TERCA-FEIRA;BOM;DIA;SUL;-51,144287;-30,163765;2014
R PAUL HARRIS;Logradouro;ATROPELAMENTO;SEGUNDA-FEIRA;BOM;DIA;NORTE;-51,142928;-30,022406;2014
R JOAQUIM SILVEIRA;Logradouro;ABALROAMENTO;QUINTA-FEIRA;BOM;NOITE;NORTE;-51,142731;-30,005727;2014
AV SERTORIO;Cruzamento;ABALROAMENTO;TERCA-FEIRA;BOM;NOITE;NORTE;-51,142609;-29996932;2014
AV EDGAR PIRES DE CASTRO;Logradouro;COLISAO;SEXTA-FEIRA;BOM;DIA;SUL;-51,142425;-30,178217;2014
AV BALTAZAR DE OLIVEIRA GARCIA;Logradouro;ABALROAMENTO;QUINTA-FEIRA;BOM;DIA;NORTE;-51,138271;-30,00947;2014
AV BALTAZAR DE OLIVEIRA GARCIA;Logradouro;ATROPELAMENTO;TERCA-FEIRA;BOM;NOITE;LESTE;-51,136924;-30,009397;2014
AV ASSIS BRASIL;Logradouro;ATROPELAMENTO;SEGUNDA-FEIRA;BOM;NOITE;NORTE;-51,134214;-30,001373;2014
AV SERTORIO;Cruzamento;ABALROAMENTO;SEXTA-FEIRA;BOM;NOITE;NORTE;-51,13283;-29998951;2014
ESTR JOAO DE OLIVEIRA REMIAO;Logradouro;COLISAO;SABADO;BOM;NOITE;LESTE;-51,132497;-30,088717;2014
ESTR JOAO ANTONIO SILVEIRA;Logradouro;COLISAO;SEXTA-FEIRA;BOM;NOITE;SUL;-51,132255;-30,148794;2014
ESTR JOAO DE OLIVEIRA REMIAO;Logradouro;CHOQUE;QUARTA-FEIRA;BOM;NOITE;LESTE;-51,131856;-30,080423;2014
AV ASSIS BRASIL;Logradouro;ATROPELAMENTO;QUARTA-FEIRA;BOM;DIA;NORTE;-51,130345;-29994653;2014
AV BENTO GONCALVES;Cruzamento;ABALROAMENTO;QUARTA-FEIRA;NUBLADO;DIA;LESTE;-51,12748;-30,076072;2014
R ERNESTO LISCANO;Logradouro;COLISAO;SEXTA-FEIRA;BOM;NOITE;LESTE;-51,127295;-30,08838;2014
AV EDGAR PIRES DE CASTRO;Logradouro;COLISAO;DOMINGO;CHUVOSO;NOITE;SUL;-51,126565;-30,198121;2014
AV FRANCISCO SILVEIRA BITENCOURT;Logradouro;ABALROAMENTO;QUINTA-FEIRA;BOM;NOITE;NORTE;-51,126211;-29992866;2014
ESTR AFONSO LOURENCO MARIANTE;Logradouro;ATROPELAMENTO;DOMINGO;BOM;NOITE;LESTE;-51,12611;-30,097469;2014
ESTR JOAO ANTONIO SILVEIRA;Logradouro;ATROPELAMENTO;SEGUNDA-FEIRA;BOM;DIA;SUL;-51,126102;-30,141656;2014
ESTR JOAO DE OLIVEIRA REMIAO;Logradouro;COLISAO;TERCA-FEIRA;BOM;DIA;LESTE;-51,125908;-30,098507;2014
ESTR JOAO DE OLIVEIRA REMIAO;Logradouro;CHOQUE;SEGUNDA-FEIRA;BOM;NOITE;LESTE;-51,125772;-30,098982;2014
AV PROTASIO ALVES;Logradouro;QUEDA;QUARTA-FEIRA;BOM;DIA;LESTE;-51,12527;-30,03871;2014
AV PROTASIO ALVES;Cruzamento;CHOQUE;SABADO;BOM;NOITE;NORTE;-51,122363;-30,037871;2014
AV MANOEL ELIAS;Logradouro;COLISAO;SEXTA-FEIRA;BOM;DIA;NORTE;-51,121188;-30,031189;2014
AV BALTAZAR DE OLIVEIRA GARCIA;Logradouro;ABALROAMENTO;DOMINGO;BOM;NOITE;NORTE;-51,118774;-30,014204;2014
AV DANTE ANGELO PILLA;Logradouro;ABALROAMENTO;QUARTA-FEIRA;BOM;DIA;NORTE;-51,118713;-30,011374;2014
AV DANTE ANGELO PILLA;Logradouro;CHOQUE;DOMINGO;BOM;NOITE;NORTE;-51,118609;-30,010134;2014
AV FRANCISCO SILVEIRA BITENCOURT;Logradouro;ABALROAMENTO;SABADO;BOM;NOITE;NORTE;-51,118207;-29991746;2014
AV ASSIS BRASIL;Logradouro;CHOQUE;SEXTA-FEIRA;BOM;DIA;NORTE;-51,115286;-29964377;2014
AV MARTIM FELIX BERTA;Logradouro;ABALROAMENTO;QUINTA-FEIRA;BOM;DIA;NORTE;-51,113549;-30,032472;2014
AV ASSIS BRASIL;Logradouro;ATROPELAMENTO;SABADO;BOM;NOITE;NORTE;-51,111915;-29959905;2014
AV PROTASIO ALVES;Logradouro;ATROPELAMENTO;DOMINGO;CHUVOSO;NOITE;LESTE;-51,111044;-30,038175;2014
AV BALTAZAR DE OLIVEIRA GARCIA;Logradouro;ATROPELAMENTO;SABADO;BOM;NOITE;NORTE;-51,109964;-30,014894;2014
AV MARTIM FELIX BERTA;Logradouro;ATROPELAMENTO;TERCA-FEIRA;BOM;DIA;NORTE;-51,106541;-30,028755;2014
R REV OLAVO NUNES;Logradouro;ATROPELAMENTO;DOMINGO;BOM;DIA;NORTE;-51,105075;-30,014201;2014
AV PROTASIO ALVES;Logradouro;COLISAO;SEGUNDA-FEIRA;BOM;NOITE;LESTE;-51,103061;-30,043145;2014
ESTR OTAVIANO JOSE PINTO;Logradouro;ATROPELAMENTO;QUARTA-FEIRA;BOM;NOITE;SUL;-51,098376;-30,227646;2014
ESTR DO VAREJAO;Logradouro;COLISAO;SEXTA-FEIRA;BOM;DIA;SUL;-51,060565;-30,230819;2014
AV TERESOPOLIS;Logradouro;ATROPELAMENTO;QUARTA-FEIRA;BOM;DIA;SUL;-51,211136;-30,080443;2013
ESTR JOAO DE OLIVEIRA REMIAO;Logradouro;CHOQUE;SEXTA-FEIRA;BOM;NOITE;LESTE;-51,131896;-30,086514;2013
AV SERTORIO;Logradouro;CHOQUE;DOMINGO;BOM;DIA;NORTE;-51,186715;-30,001914;2013
AV CRISTOVAO COLOMBO;Logradouro;ABALROAMENTO;SABADO;BOM;NOITE;NORTE;-51,180272;-30,016269;2013
AV PROTASIO ALVES;Logradouro;ABALROAMENTO;TERCA-FEIRA;BOM;DIA;LESTE;-51,126289;-30,038958;2013
AV BENTO GONCALVES;Logradouro;CHOQUE;TERCA-FEIRA;BOM;NOITE;LESTE;-51,172805;-30,060782;2013
AV PRAIA DE BELAS;Logradouro;ATROPELAMENTO;QUINTA-FEIRA;BOM;DIA;CENTRO;-51,228079;-30,040048;2013
R TREZE DE SETEMBRO;Logradouro;QUEDA;SABADO;BOM;NOITE;NORTE;-51,093996;-30,015971;2013
AV EDGAR PIRES DE CASTRO;Logradouro;QUEDA;DOMINGO;BOM;DIA;SUL;-51,1287;-30,195084;2013
ESTR JOAO ANTONIO SILVEIRA;Logradouro;ABALROAMENTO;TERCA-FEIRA;BOM;DIA;SUL;-51,135082;-30,151672;2013
R CAIRU;Logradouro;ABALROAMENTO;SABADO;BOM;DIA;NORTE;-51,197183;-30,004544;2013
ESTR JOAO DE OLIVEIRA REMIAO;Logradouro;CHOQUE;QUINTA-FEIRA;BOM;DIA;LESTE;-51,108772;-30,11627;2013
R JOSE DE ALENCAR;Logradouro;ABALROAMENTO;SABADO;BOM;DIA;SUL;-51,228438;-30,058878;2013
ESTR ANTONIO SEVERINO;Logradouro;COLISAO;TERCA-FEIRA;BOM;NOITE;NORTE;-51,10025;-30,01822;2013
R OLAVO BILAC;Logradouro;ATROPELAMENTO;SEXTA-FEIRA;BOM;DIA;CENTRO;-51,214273;-30,040564;2013
R ENG OSCAR DE OLIVEIRA RAMOS;Logradouro;ATROPELAMENTO;SEXTA-FEIRA;BOM;NOITE;SUL;-51,14442;-30,145478;2013
AV PADRE CACIQUE;Logradouro;ATROPELAMENTO;SABADO;BOM;NOITE;SUL;-51,238698;-30,069168;2013
AV VICENTE MONTEGGIA;Logradouro;ATROPELAMENTO;SEGUNDA-FEIRA;BOM;DIA;SUL;-51,223963;-30,100501;2013
AV PROTASIO ALVES;Logradouro;ATROPELAMENTO;SEXTA-FEIRA;BOM;DIA;LESTE;-51,182595;-30,04245;2013
AV PADRE CACIQUE;Logradouro;CAPOTAGEM;SABADO;BOM;NOITE;SUL;-51,23868;-30,069066;2013
R VINTE QUATRO DE OUTUBRO;Logradouro;ATROPELAMENTO;QUINTA-FEIRA;BOM;DIA;LESTE;-51,203382;-30,025798;2013
AV MANOEL ELIAS;Logradouro;ABALROAMENTO;SEXTA-FEIRA;BOM;NOITE;NORTE;-51,120078;-30,024711;2013
ESTR JOAO DE OLIVEIRA REMIAO;Logradouro;CHOQUE;SEGUNDA-FEIRA;BOM;NOITE;LESTE;-51,125843;-30,098813;2013
R VISCONDE DE MACAE;Logradouro;ABALROAMENTO;QUARTA-FEIRA;CHUVOSO;DIA;NORTE;-51,155533;-30,0128;2013
R DARCY PEREIRA POZZI;Logradouro;ABALROAMENTO;QUINTA-FEIRA;BOM;DIA;SUL;-51,156522;-30,167486;2013
AV DA CAVALHADA;Logradouro;ATROPELAMENTO;QUINTA-FEIRA;BOM;DIA;SUL;-51,224937;-30,115301;2013
AV EDVALDO PEREIRA PAIVA;Logradouro;CHOQUE;SABADO;BOM;DIA;SUL;-51,238649;-30,041387;2013
AV FARRAPOS;Logradouro;ATROPELAMENTO;SEGUNDA-FEIRA;BOM;DIA;NORTE;-51,200654;-30,00461;2013
R CAIRU;Logradouro;ATROPELAMENTO;SEGUNDA-FEIRA;BOM;DIA;NORTE;-51,201631;-30,003192;2013
AV ASSIS BRASIL;Logradouro;ATROPELAMENTO;TERCA-FEIRA;BOM;DIA;NORTE;-51,162629;-30,010251;2013
R ZEPPELIN;Logradouro;ATROPELAMENTO;TERCA-FEIRA;BOM;DIA;LESTE;-51,099868;-30,125628;2013
ESTR JOAO DE OLIVEIRA REMIAO;Logradouro;CHOQUE;DOMINGO;BOM;NOITE;LESTE;-51,132104;-30,090194;2013
AV PROTASIO ALVES;Logradouro;ATROPELAMENTO;SEGUNDA-FEIRA;BOM;DIA;LESTE;-51,178859;-30,0412;2013
R CURUPAITI;Logradouro;COLISAO;SEXTA-FEIRA;BOM;DIA;SUL;-51,238773;-30,08305;2013
AV EDGAR PIRES DE CASTRO;Logradouro;ABALROAMENTO;SEGUNDA-FEIRA;BOM;DIA;SUL;-51,114775;-30,204787;2013
AV CRISTOVAO COLOMBO;Logradouro;ATROPELAMENTO;SEXTA-FEIRA;BOM;NOITE;CENTRO;-51,210714;-30,023369;2013
PCA LIBANEZA;Logradouro;ATROPELAMENTO;SEXTA-FEIRA;BOM;DIA;NORTE;-51,150937;-30,004845;2013
AV SERTORIO;Logradouro;COLISAO;SEXTA-FEIRA;BOM;NOITE;NORTE;-51,141678;-29,996895;2013
AV CARLOS GOMES;Logradouro;ATROPELAMENTO;DOMINGO;BOM;NOITE;LESTE;-51,181434;-30,027162;2013
AV BENTO GONCALVES;Cruzamento;ABALROAMENTO;DOMINGO;BOM;NOITE;LESTE;-51,12748;-30,076072;2013
AV WENCESLAU ESCOBAR;Logradouro;COLISAO;TERCA-FEIRA;BOM;DIA;SUL;-51,253816;-30,11512;2013
AV BENTO GONCALVES;Logradouro;ATROPELAMENTO;QUINTA-FEIRA;BOM;DIA;LESTE;-51,125714;-30,075937;2013
AV SERTORIO;Logradouro;ATROPELAMENTO;SEXTA-FEIRA;BOM;DIA;NORTE;-51,195477;-29,999849;2013
AV BRASIL;Logradouro;ABALROAMENTO;DOMINGO;CHUVOSO;DIA;NORTE;-51,197266;-30,005444;2013
AV NONOAI;Logradouro;CHOQUE;DOMINGO;BOM;NOITE;SUL;-51,219718;-30,090084;2013
AV DEZ DE MAIO;Logradouro;ATROPELAMENTO;DOMINGO;BOM;DIA;NORTE;-51,12249;-30,022225;2013
AV ALVARENGA;Logradouro;ATROPELAMENTO;SEXTA-FEIRA;BOM;DIA;NORTE;-51,178283;-30,023746;2013
R DR SALVADOR FRANCA;Logradouro;ATROPELAMENTO;SEGUNDA-FEIRA;BOM;DIA;LESTE;-51,18197;-30,052942;2013
AV BENTO GONCALVES;Logradouro;ATROPELAMENTO;QUARTA-FEIRA;BOM;DIA;LESTE;-51,185611;-30,062426;2013
ESTR AFONSO LOURENCO MARIANTE;Logradouro;QUEDA;SABADO;CHUVOSO;DIA;SUL;-51,160551;-30,110491;2013
AV ICARAI;Logradouro;ATROPELAMENTO;SEGUNDA-FEIRA;BOM;DIA;SUL;-51,242603;-30,092194;2013
AV CRISTOVAO COLOMBO;Logradouro;ATROPELAMENTO;QUINTA-FEIRA;CHUVOSO;NOITE;NORTE;-51,190478;-30,016763;2013
AV JAIME VIGNOLI;Logradouro;CAPOTAGEM;SABADO;CHUVOSO;NOITE;NORTE;-51,172943;-29,973529;2013
AV BALTAZAR DE OLIVEIRA GARCIA;Logradouro;CHOQUE;DOMINGO;BOM;NOITE;NORTE;-51,12663;-30,010877;2013
AV DA AZENHA;Logradouro;ATROPELAMENTO;QUARTA-FEIRA;BOM;DIA;SUL;-51,213558;-30,047009;2013
AV PROF OSCAR PEREIRA;Logradouro;ABALROAMENTO;SABADO;NUBLADO;NOITE;SUL;-51,20555;-30,066654;2013
AV BENTO GONCALVES;Logradouro;COLISAO;TERCA-FEIRA;BOM;DIA;LESTE;-51,189674;-30,060453;2013
R JOAO DO RIO;Logradouro;ATROPELAMENTO;TERCA-FEIRA;BOM;DIA;SUL;-51,193581;-30,067287;2013
AV JUCA BATISTA;Logradouro;ATROPELAMENTO;QUARTA-FEIRA;BOM;DIA;SUL;-51,187153;-30,159552;2013
R MOSTARDEIRO;Cruzamento;CHOQUE;QUINTA-FEIRA;BOM;NOITE;LESTE;-51,195985;-30,027424;2013
AV PROTASIO ALVES;Logradouro;ATROPELAMENTO;QUINTA-FEIRA;BOM;DIA;LESTE;-51,202949;-30,037394;2013
AV FARRAPOS;Logradouro;ATROPELAMENTO;SEXTA-FEIRA;BOM;DIA;CENTRO;-51,215921;-30,024902;2013
AV BRASIL;Logradouro;ABALROAMENTO;SEGUNDA-FEIRA;BOM;NOITE;NORTE;-51,193649;-30,006612;2013
R TEN ARY TARRAGO;Logradouro;ABALROAMENTO;QUINTA-FEIRA;CHUVOSO;NOITE;NORTE;-51,131186;-30,017461;2013
AV ASSIS BRASIL;Logradouro;CHOQUE;SEXTA-FEIRA;BOM;DIA;NORTE;-51,140441;-30,006023;2013
R TEREZINHA TURCATO;Logradouro;ATROPELAMENTO;QUINTA-FEIRA;BOM;NOITE;NORTE;-51,116554;-30,01312;2013
AV DA AZENHA;Logradouro;CHOQUE;SABADO;BOM;DIA;SUL;-51,213974;-30,052799;2013
R GIUSEPPE MANDELLI;Cruzamento;ABALROAMENTO;SEGUNDA-FEIRA;BOM;DIA;NORTE;-51,165291;-29,985282;2013
AV GOETHE;Logradouro;ATROPELAMENTO;SEGUNDA-FEIRA;BOM;NOITE;LESTE;-51,199369;-30,026086;2013
R ANTONIO ONOFRE DA SILVEIRA;Logradouro;ABALROAMENTO;DOMINGO;BOM;NOITE;SUL;-51,144333;-30,156868;2013
AV PROF OSCAR PEREIRA;Logradouro;CHOQUE;SEXTA-FEIRA;BOM;DIA;SUL;-51,176789;-30,097053;2013
AV ASSIS BRASIL;Logradouro;ATROPELAMENTO;SEXTA-FEIRA;BOM;DIA;NORTE;-51,183062;-30,007587;2013
R MARCELO GAMA;Logradouro;CHOQUE;DOMINGO;BOM;DIA;NORTE;-51,191027;-30,012882;2013
R JOAO MOREIRA MACIEL;Logradouro;ATROPELAMENTO;TERCA-FEIRA;BOM;DIA;NORTE;-51,177048;-29,968368;2013
R GUILHERME ALVES;Logradouro;ABALROAMENTO;QUINTA-FEIRA;BOM;NOITE;LESTE;-51,187342;-30,052613;2013
R CARMELITA GRIPPI;Logradouro;CHOQUE;SEXTA-FEIRA;CHUVOSO;NOITE;NORTE;-51,095074;-30,002332;2013
ESTR JOAO DE OLIVEIRA REMIAO;Logradouro;ABALROAMENTO;DOMINGO;CHUVOSO;DIA;LESTE;-51,098203;-30,128158;2013
AV BALTAZAR DE OLIVEIRA GARCIA;Logradouro;ATROPELAMENTO;SEGUNDA-FEIRA;CHUVOSO;NOITE;NORTE;-51,112054;-30,01437;2013
R SARGENTO SILVIO DELMAR HOLLENBACH;Logradouro;ABALROAMENTO;SEXTA-FEIRA;BOM;DIA;NORTE;-51,109823;-30,021411;2013
R GUILHERME ALVES;Logradouro;ATROPELAMENTO;SEXTA-FEIRA;BOM;NOITE;LESTE;-51,185227;-30,048551;2013
R DOS MAIAS;Logradouro;CHOQUE;TERCA-FEIRA;BOM;NOITE;NORTE;-51,095151;-29,996365;2013
AV CEARA;Logradouro;CHOQUE;QUINTA-FEIRA;BOM;DIA;NORTE;-51,193965;-30,007085;2013
AV TERESOPOLIS;Logradouro;ATROPELAMENTO;SEXTA-FEIRA;BOM;DIA;SUL;-51,211722;-30,080696;2013
AV BALTAZAR DE OLIVEIRA GARCIA;Logradouro;ATROPELAMENTO;SABADO;BOM;NOITE;NORTE;-51,112348;-30,014327;2013
AV BENTO GONCALVES;Cruzamento;ABALROAMENTO;SABADO;BOM;DIA;LESTE;-51,182574;-30,063996;2013
AV BRASIL;Logradouro;ABALROAMENTO;SEGUNDA-FEIRA;BOM;DIA;NORTE;-51,197087;-30,005499;2013
AV SERTORIO;Logradouro;CHOQUE;QUINTA-FEIRA;BOM;NOITE;NORTE;-51,184146;-30,002343;2013
AV MANOEL ELIAS;Logradouro;COLISAO;SEXTA-FEIRA;BOM;DIA;NORTE;-51,11963;-30,019312;2013
AV BALTAZAR DE OLIVEIRA GARCIA;Logradouro;COLISAO;SABADO;NUBLADO;NOITE;NORTE;-51,105698;-30,015449;2013
AV DA CAVALHADA;Logradouro;COLISAO;DOMINGO;BOM;DIA;SUL;-51,226982;-30,109092;2013
AV CEL LUCAS DE OLIVEIRA;Logradouro;ABALROAMENTO;QUINTA-FEIRA;BOM;DIA;LESTE;-51,194387;-30,037036;2013
AV ANTONIO CARVALHO;Logradouro;CHOQUE;SEXTA-FEIRA;BOM;DIA;LESTE;-51,143614;-30,045864;2013
AV BALTAZAR DE OLIVEIRA GARCIA;Logradouro;ATROPELAMENTO;DOMINGO;CHUVOSO;NOITE;NORTE;-51,133675;-30,009258;2013
AV BRASILIANO INDIO DE MORAES;Logradouro;ATROPELAMENTO;SEXTA-FEIRA;BOM;DIA;NORTE;-51,178086;-30,008437;2013
AV PADRE CACIQUE;Logradouro;CHOQUE;SABADO;BOM;NOITE;SUL;-51,241114;-30,072473;2013
R DR SEBASTIAO LEAO;Logradouro;ATROPELAMENTO;DOMINGO;BOM;NOITE;CENTRO;-51,214683;-30,042632;2013
AV NONOAI;Logradouro;COLISAO;SEGUNDA-FEIRA;BOM;NOITE;SUL;-51,216483;-30,08662;2013
AV DA AZENHA;Logradouro;ATROPELAMENTO;QUARTA-FEIRA;BOM;NOITE;SUL;-51,215523;-30,056502;2013
AV MANOEL ELIAS;Logradouro;QUEDA;SABADO;BOM;DIA;NORTE;-51,121432;-30,032783;2013
AV WENCESLAU ESCOBAR;Logradouro;ATROPELAMENTO;DOMINGO;BOM;DIA;SUL;-51,254473;-30,113681;2013
AV OTTO NIEMEYER;Logradouro;ATROPELAMENTO;QUINTA-FEIRA;BOM;DIA;SUL;-51,234359;-30,102298;2013
ESTR AFONSO LOURENCO MARIANTE;Logradouro;COLISAO;QUINTA-FEIRA;BOM;DIA;SUL;-51,151421;-30,104441;2013
AV PROTASIO ALVES;Logradouro;CHOQUE;SEXTA-FEIRA;BOM;DIA;LESTE;-51,125317;-30,038779;2013
ESTR JOAO DE OLIVEIRA REMIAO;Logradouro;CHOQUE;SABADO;BOM;DIA;LESTE;-51,131552;-30,07951;2013
ESTR JOAO DE OLIVEIRA REMIAO;Logradouro;CHOQUE;DOMINGO;BOM;NOITE;LESTE;-51,12542;-30,099498;2013
AV BALTAZAR DE OLIVEIRA GARCIA;Logradouro;CHOQUE;QUINTA-FEIRA;BOM;NOITE;NORTE;-51,105299;-30,015374;2013
AV BRASIL;Cruzamento;ABALROAMENTO;SABADO;BOM;NOITE;NORTE;-51,199477;-30,004798;2013
AV PROF OSCAR PEREIRA;Logradouro;CHOQUE;DOMINGO;BOM;NOITE;SUL;-51,187446;-30,086506;2013
R VICENTE DA FONTOURA;Logradouro;ABALROAMENTO;SEGUNDA-FEIRA;BOM;NOITE;LESTE;-51,203387;-30,048722;2013
AV PROF OSCAR PEREIRA;Logradouro;ATROPELAMENTO;SEXTA-FEIRA;BOM;NOITE;SUL;-51,196615;-30,081843;2013
AV SENADOR SALGADO FILHO;Logradouro;ATROPELAMENTO;SEXTA-FEIRA;BOM;DIA;CENTRO;-51,226519;-30,030019;2013
R CAMAQUA;Logradouro;ATROPELAMENTO;QUINTA-FEIRA;CHUVOSO;DIA;SUL;-51,240695;-30,099777;2013
AV ASSIS BRASIL;Logradouro;ATROPELAMENTO;SABADO;BOM;DIA;NORTE;-51,155072;-30,009476;2013
R CEL MASSOT;Logradouro;CHOQUE;QUINTA-FEIRA;BOM;NOITE;SUL;-51,248334;-30,099772;2013
R COMANDAI;Logradouro;COLISAO;TERCA-FEIRA;BOM;DIA;SUL;-51,233775;-30,084683;2013
AV DO LAMI;Logradouro;COLISAO;SEXTA-FEIRA;BOM;DIA;SUL;-51,127374;-30,212959;2013
AV IRMAO FAUSTINO JOAO;Logradouro;ATROPELAMENTO;SABADO;BOM;NOITE;NORTE;-51,092226;-30,021267;2013
AV CRISTOVAO COLOMBO;Logradouro;ABALROAMENTO;SABADO;BOM;NOITE;NORTE;-30,016978;-51,196754;2012
AV SERTORIO;Logradouro;CHOQUE;SEXTA-FEIRA;BOM;NOITE;NORTE;-30,002325;-51,182953;2012
AV ASSIS BRASIL;Logradouro;CHOQUE;SABADO;BOM;NOITE;NORTE;-29,998151;-51,132377;2012
AV JOAO PESSOA;Logradouro;ATROPELAMENTO;QUARTA-FEIRA;BOM;NOITE;CENTRO;-30,043679;-51,213693;2012
R ERECHIM;Cruzamento;ATROPELAMENTO;QUARTA-FEIRA;BOM;NOITE;SUL;-30,087749;-51,217512;2012
AV VILA SANTISSIMA TRINDADE;Logradouro;CHOQUE;SABADO;BOM;DIA;NORTE;-30,000733;-51,107177;2012
AV SERTORIO;Logradouro;ABALROAMENTO;SEXTA-FEIRA;BOM;NOITE;NORTE;-30,008321;-51,128215;2012
AV PROF OSCAR PEREIRA;Logradouro;COLISAO;TERCA-FEIRA;BOM;DIA;SUL;-30,086891;-51,186768;2012
R VOLUNTARIOS DA PATRIA;Logradouro;ABALROAMENTO;TERCA-FEIRA;BOM;NOITE;NORTE;-30,01752;-51,213596;2012
AV EDVALDO PEREIRA PAIVA;Logradouro;QUEDA;SEXTA-FEIRA;BOM;DIA;SUL;-30,060537;-51,236487;2012
AV FARRAPOS;Cruzamento;ATROPELAMENTO;QUINTA-FEIRA;BOM;DIA;CENTRO;-30,024417;-51,215343;2012
AV MONTE CRISTO;Logradouro;ABALROAMENTO;QUINTA-FEIRA;BOM;DIA;SUL;-30,119558;-51,215095;2012
AV MAUA;Logradouro;CHOQUE;DOMINGO;BOM;NOITE;CENTRO;-30,023302;-51,222965;2012
AV MANOEL ELIAS;Logradouro;CHOQUE;TERCA-FEIRA;BOM;DIA;NORTE;-30,021856;-51,119927;2012
ESTR ARACAJU;Logradouro;QUEDA;DOMINGO;BOM;NOITE;SUL;-30,102649;-51,220605;2012
AV ASSIS BRASIL;Logradouro;EVENTUAL;QUARTA-FEIRA;BOM;NOITE;NORTE;-29,958719;-51,110951;2012
AV JUCA BATISTA;Logradouro;COLISAO;SABADO;BOM;NOITE;SUL;-30,14183;-51,217486;2012
R ARISTIDES ROSA;Logradouro;CAPOTAGEM;SEGUNDA-FEIRA;BOM;NOITE;LESTE;-30,061755;-51,145884;2012
ESTR JOAO DE OLIVEIRA REMIAO;Logradouro;CHOQUE;TERCA-FEIRA;BOM;DIA;LESTE;-30,114653;-51,108644;2012
AV FRANCISCO SILVEIRA BITENCOURT;Logradouro;CHOQUE;QUINTA-FEIRA;BOM;NOITE;NORTE;-29,991994;-51,119332;2012
R ERNESTO ALVES;Logradouro;ATROPELAMENTO;QUINTA-FEIRA;BOM;DIA;CENTRO;-30,023564;-51,215367;2012
AV ERICO VERISSIMO;Logradouro;ATROPELAMENTO;QUARTA-FEIRA;BOM;NOITE;CENTRO;-30,043666;-51,219938;2012
AV SERTORIO;Logradouro;CHOQUE;SEXTA-FEIRA;BOM;DIA;NORTE;-30,002232;-51,170917;2012
AV JUSCELINO KUBITSCHEK DE OLIVEIRA;Logradouro;CHOQUE;TERCA-FEIRA;BOM;DIA;NORTE;-30,020235;-51,107511;2012
AV ALBERTO PASQUALINI;Logradouro;CHOQUE;DOMINGO;BOM;NOITE;LESTE;-30,029102;-51,140971;2012
AV DAS INDUSTRIAS;Logradouro;ABALROAMENTO;TERCA-FEIRA;BOM;DIA;NORTE;-29,984994;-51,164159;2012
R BOM JESUS;Logradouro;ATROPELAMENTO;QUINTA-FEIRA;BOM;DIA;LESTE;-30,042717;-51,151019;2012
AV CRISTOVAO COLOMBO;Logradouro;ATROPELAMENTO;SEXTA-FEIRA;BOM;DIA;CENTRO;-30,024774;-51,212775;2012
AV PROTASIO ALVES;Logradouro;ATROPELAMENTO;SEGUNDA-FEIRA;BOM;DIA;LESTE;-30,040238;-51,106281;2012
AV PROTASIO ALVES;Logradouro;QUEDA;SEGUNDA-FEIRA;BOM;NOITE;LESTE;-30,040426;-51,105167;2012
AV JOSE ALOISIO FILHO;Cruzamento;ABALROAMENTO;QUARTA-FEIRA;BOM;NOITE;NORTE;-29,975023;-51,181708;2012
AV AUGUSTO MEYER;Logradouro;ATROPELAMENTO;QUINTA-FEIRA;BOM;DIA;LESTE;-30,02082;-51,184645;2012
AV BALTAZAR DE OLIVEIRA GARCIA;Logradouro;CHOQUE;SEXTA-FEIRA;BOM;NOITE;NORTE;-30,01091;-51,096396;2012
R JOAO MOREIRA MACIEL;Logradouro;COLISAO;TERCA-FEIRA;NUBLADO;DIA;NORTE;-29,973198;-51,198759;2012
VA NOVE CEFER DOIS;Logradouro;QUEDA;TERCA-FEIRA;BOM;NOITE;LESTE;-30,053779;-51,153318;2012
AV DR CARLOS BARBOSA;Logradouro;CHOQUE;QUARTA-FEIRA;BOM;NOITE;SUL;-30,059234;-51,21187;2012
AV LUIZ MOSCHETTI;Logradouro;QUEDA;SEXTA-FEIRA;BOM;NOITE;LESTE;-30,07215;-51,174556;2012
AV NONOAI;Logradouro;ABALROAMENTO;DOMINGO;BOM;DIA;SUL;-30,09074;-51,22106;2012
AV CEL APARICIO BORGES;Logradouro;ATROPELAMENTO;SEGUNDA-FEIRA;BOM;DIA;LESTE;-30,072876;-51,201219;2012
AV PROF OSCAR PEREIRA;Cruzamento;ABALROAMENTO;SEXTA-FEIRA;BOM;NOITE;SUL;-30,061127;-51,206331;2012
AV DA CAVALHADA;Logradouro;CHOQUE;SEGUNDA-FEIRA;BOM;NOITE;SUL;-30,116112;-51,224535;2012
BC DA FUMACA;Logradouro;ABALROAMENTO;SEXTA-FEIRA;BOM;DIA;LESTE;-30,030603;-51,106176;2012
AV BALTAZAR DE OLIVEIRA GARCIA;Logradouro;CHOQUE;SEXTA-FEIRA;BOM;NOITE;NORTE;-30,010883;-51,095529;2012
AV ELVIO ANTONIO FILIPETTO;Logradouro;ATROPELAMENTO;DOMINGO;BOM;NOITE;NORTE;-30,000123;-51,114586;2012
AV BENTO GONCALVES;Logradouro;ABALROAMENTO;TERCA-FEIRA;BOM;DIA;LESTE;-30,057614;-51,194392;2012
R ERNESTO ARAUJO;Logradouro;CHOQUE;QUARTA-FEIRA;BOM;DIA;LESTE;-30,075286;-51,166898;2012
R WOLFRAM METZLER;Logradouro;ATROPELAMENTO;SEXTA-FEIRA;BOM;DIA;NORTE;-30,023495;-51,105739;2012
AV OTTO NIEMEYER;Logradouro;ATROPELAMENTO;QUARTA-FEIRA;BOM;DIA;SUL;-30,103813;-51,238653;2012
R GLENIO PERES;Logradouro;EVENTUAL;DOMINGO;BOM;NOITE;SUL;-30,123389;-51,211617;2012
AV PROTASIO ALVES;Logradouro;ATROPELAMENTO;QUINTA-FEIRA;BOM;NOITE;LESTE;-30,037044;-51,203715;2012
AV PLINIO KROEFF;Logradouro;EVENTUAL;DOMINGO;BOM;NOITE;NORTE;-30,005289;-51,116892;2012
AV SERTORIO;Logradouro;ATROPELAMENTO;QUINTA-FEIRA;BOM;DIA;NORTE;-30,0009;-51,163159;2012
AV BERNARDINO SILVEIRA DE AMORIM;Logradouro;ABALROAMENTO;SEXTA-FEIRA;BOM;NOITE;NORTE;-29,986249;-51,110388;2012
AV BENTO GONCALVES;Logradouro;CHOQUE;SABADO;BOM;NOITE;LESTE;-30,061847;-51,177903;2012
ESTR JOAO DE OLIVEIRA REMIAO;Logradouro;ATROPELAMENTO;DOMINGO;BOM;DIA;LESTE;-30,101568;-51,12174;2012
AV ASSIS BRASIL;Logradouro;ATROPELAMENTO;QUINTA-FEIRA;BOM;DIA;NORTE;-30,009601;-51,149371;2012
VDT DOM PEDRO I;Cruzamento;ATROPELAMENTO;SEGUNDA-FEIRA;BOM;NOITE;SUL;-30,060588;-51,230958;2012
AV PRESIDENTE CASTELO BRANCO;Logradouro;ATROPELAMENTO;SABADO;BOM;NOITE;NORTE;-30,015653;-51,214536;2012
AV PROF OSCAR PEREIRA;Cruzamento;CHOQUE;DOMINGO;BOM;NOITE;SUL;-30,066778;-51,205473;2012
R CARLOS ESTEVAO;Logradouro;ABALROAMENTO;TERCA-FEIRA;BOM;NOITE;NORTE;-30,015589;-51,116466;2012
AV ASSIS BRASIL;Logradouro;ATROPELAMENTO;QUARTA-FEIRA;BOM;NOITE;NORTE;-29,986082;-51,121158;2012
AV JOAO PESSOA;Logradouro;ATROPELAMENTO;SABADO;BOM;NOITE;CENTRO;-30,037885;-51,218174;2012
AV DO LAMI;Logradouro;COLISAO;DOMINGO;BOM;DIA;SUL;-30,211038;-51,13481;2012
AV GUAIBA;Logradouro;ATROPELAMENTO;TERCA-FEIRA;BOM;NOITE;SUL;-30,155779;-51,225808;2012
R ERECHIM;Cruzamento;ATROPELAMENTO;SABADO;BOM;NOITE;SUL;-30,087749;-51,217512;2012
R PANAMA;Logradouro;ATROPELAMENTO;TERCA-FEIRA;BOM;DIA;LESTE;-30,044386;-51,157788;2012
AV IPIRANGA;Logradouro;ABALROAMENTO;SABADO;BOM;DIA;LESTE;-30,05511;-51,188579;2012
ESTR JOAO DE OLIVEIRA REMIAO;Logradouro;ABALROAMENTO;TERCA-FEIRA;BOM;NOITE;SUL;-30,088956;-51,132606;2012
AV IPIRANGA;Logradouro;ABALROAMENTO;TERCA-FEIRA;BOM;NOITE;LESTE;-30,04382;-51,207512;2012
ESTR OTAVIANO JOSE PINTO;Logradouro;ATROPELAMENTO;QUARTA-FEIRA;BOM;NOITE;SUL;-30,223459;-51,09895;2012
AV BENTO GONCALVES;Logradouro;ATROPELAMENTO;SEXTA-FEIRA;BOM;DIA;LESTE;-30,062844;-51,184973;2012
R MARECHAL MESQUITA;Logradouro;ABALROAMENTO;SEXTA-FEIRA;BOM;NOITE;SUL;-30,082544;-51,207434;2012
R DOM PEDRO II;Logradouro;CHOQUE;QUINTA-FEIRA;BOM;DIA;NORTE;-30,006599;-51,190577;2012
AV CARLOS GOMES;Logradouro;ABALROAMENTO;DOMINGO;BOM;DIA;LESTE;-30,034166;-51,177415;2012
AV BALTAZAR DE OLIVEIRA GARCIA;Logradouro;ATROPELAMENTO;DOMINGO;BOM;NOITE;NORTE;-30,013998;-51,119727;2012
R PROF PEDRO SANTA HELENA;Cruzamento;ABALROAMENTO;SABADO;BOM;NOITE;LESTE;-30,048344;-51,165825;2012
AV ASSIS BRASIL;Logradouro;ATROPELAMENTO;SABADO;CHUVOSO;NOITE;NORTE;-29,988788;-51,124369;2012
AV ASSIS BRASIL;Logradouro;CAPOTAGEM;TERCA-FEIRA;BOM;NOITE;NORTE;-29,959905;-51,111915;2012
AV CARLOS GOMES;Logradouro;CHOQUE;SEXTA-FEIRA;BOM;NOITE;LESTE;-30,027211;-51,181479;2012
R ANGELINA GONCALVES;Logradouro;ATROPELAMENTO;SABADO;BOM;DIA;NORTE;-29,990136;-51,136429;2012
AV BENTO GONCALVES;Logradouro;ATROPELAMENTO;TERCA-FEIRA;BOM;DIA;LESTE;-30,060846;-51,188924;2012
AV TERESOPOLIS;Logradouro;ATROPELAMENTO;TERCA-FEIRA;BOM;NOITE;SUL;-30,081019;-51,212269;2012
AV FARRAPOS;Logradouro;COLISAO;QUARTA-FEIRA;BOM;DIA;NORTE;-30,009581;-51,202564;2012
R ARARAS;Cruzamento;ABALROAMENTO;DOMINGO;BOM;DIA;NORTE;-29,998139;-51,128632;2012
AV SERTORIO;Logradouro;ATROPELAMENTO;SEXTA-FEIRA;BOM;NOITE;NORTE;-29,998257;-51,160397;2012
AV PINHEIRO BORDA;Logradouro;CHOQUE;DOMINGO;BOM;DIA;SUL;-30,077869;-51,243946;2012
AV DONARIO BRAGA;Logradouro;ATROPELAMENTO;SEGUNDA-FEIRA;CHUVOSO;NOITE;NORTE;-29,996669;-51,105099;2012
AV LOUREIRO DA SILVA;Logradouro;CHOQUE;SABADO;BOM;NOITE;CENTRO;-30,037533;-51,229511;2012
R FELIX DA CUNHA;Logradouro;ATROPELAMENTO;SEGUNDA-FEIRA;BOM;DIA;LESTE;-30,017695;-51,202274;2012
AV AMYNTHAS JACQUES DE MORAES;Logradouro;ABALROAMENTO;QUARTA-FEIRA;BOM;DIA;NORTE;-29,987913;-51,190972;2012
R PORTUGAL;Logradouro;ABALROAMENTO;SABADO;BOM;NOITE;NORTE;-30,011022;-51,183302;2012
AV SERTORIO;Logradouro;ATROPELAMENTO;QUARTA-FEIRA;BOM;DIA;NORTE;-30,002289;-51,184137;2012
AV IPIRANGA;Cruzamento;ABALROAMENTO;SEXTA-FEIRA;BOM;DIA;LESTE;-30,054796;-51,159355;2012
ESTR DOS BARCELLOS;Logradouro;ATROPELAMENTO;TERCA-FEIRA;BOM;NOITE;SUL;-30,091009;-51,177348;2012
AV BENTO GONCALVES;Logradouro;ABALROAMENTO;DOMINGO;BOM;DIA;LESTE;-30,066493;-51,148364;2012
AV SATURNINO DE BRITO;Logradouro;ABALROAMENTO;SEGUNDA-FEIRA;BOM;NOITE;LESTE;-30,035461;-51,152136;2012
R TITO LIVIO ZAMBECARI;Cruzamento;ATROPELAMENTO;QUARTA-FEIRA;BOM;DIA;LESTE;-30,027537;-51,191449;2012
AV ROCIO;Logradouro;ABALROAMENTO;SABADO;BOM;NOITE;LESTE;-30,063102;-51,178508;2011
AV TERESOPOLIS;Logradouro;CHOQUE;DOMINGO;BOM;DIA;SUL;-30,08307;-51,213909;2011
R GARIBALDI;Logradouro;ATROPELAMENTO;TERCA-FEIRA;BOM;NOITE;CENTRO;-30,024701;-51,21649;2011
R SALDANHA DA GAMA;Logradouro;COLISAO;QUARTA-FEIRA;BOM;NOITE;LESTE;-30,062706;-51,167956;2011
ESTR AFONSO LOURENCO MARIANTE;Logradouro;ATROPELAMENTO;QUARTA-FEIRA;BOM;NOITE;SUL;-30,110678;-51,161269;2011
AV BERNARDINO SILVEIRA DE AMORIM;Logradouro;CHOQUE;DOMINGO;BOM;NOITE;NORTE;-29,988914;-51,109406;2011
AV PROTASIO ALVES;Logradouro;ABALROAMENTO;SEGUNDA-FEIRA;BOM;NOITE;LESTE;-30,038449;-51,110472;2011
R DOM PEDRO II;Cruzamento;QUEDA;TERCA-FEIRA;BOM;NOITE;NORTE;-30,00646;-51,190306;2011
ESTR JOAO DE OLIVEIRA REMIAO;Logradouro;CHOQUE;TERCA-FEIRA;CHUVOSO;DIA;LESTE;-30,117988;-51,108708;2011
AV BENTO GONCALVES;Logradouro;ATROPELAMENTO;QUINTA-FEIRA;BOM;DIA;LESTE;-30,060727;-51,168976;2011
ESTR JOAO DE OLIVEIRA REMIAO;Logradouro;CHOQUE;SABADO;BOM;NOITE;LESTE;-30,079347;-51,131508;2011
AV EDGAR PIRES DE CASTRO;Logradouro;ABALROAMENTO;DOMINGO;BOM;NOITE;SUL;-30,155625;-51,16315;2011
AV A J RENNER;Logradouro;ATROPELAMENTO;QUARTA-FEIRA;CHUVOSO;DIA;NORTE;-29,984546;-51,193551;2011
ESTR JOAO DE OLIVEIRA REMIAO;Logradouro;ATROPELAMENTO;SABADO;CHUVOSO;NOITE;LESTE;-30,124582;-51,102003;2011
R VICENTE DA FONTOURA;Cruzamento;ATROPELAMENTO;SEGUNDA-FEIRA;BOM;DIA;LESTE;-30,039418;-51,195864;2011
AV OSVALDO ARANHA;Logradouro;ATROPELAMENTO;QUINTA-FEIRA;BOM;DIA;CENTRO;-30,035603;-51,209456;2011
AV FARRAPOS;Logradouro;ATROPELAMENTO;SEGUNDA-FEIRA;BOM;NOITE;NORTE;-30,006531;-51,201456;2011
AV EDGAR PIRES DE CASTRO;Logradouro;ABALROAMENTO;DOMINGO;BOM;DIA;SUL;-30,155438;-51,168176;2011
AV IPIRANGA;Logradouro;CHOQUE;DOMINGO;BOM;NOITE;LESTE;-30,056125;-51,156815;2011
AV DA CAVALHADA;Logradouro;CHOQUE;DOMINGO;BOM;NOITE;SUL;-30,11609;-51,22454;2011
ESTR JOAO DE OLIVEIRA REMIAO;Logradouro;CHOQUE;SEXTA-FEIRA;BOM;NOITE;LESTE;-30,1301;-51,097744;2011
ESTR JOAO ANTONIO SILVEIRA;Logradouro;COLISAO;DOMINGO;BOM;NOITE;SUL;-30,15048;-51,134106;2011
ESTR JOAO ANTONIO SILVEIRA;Logradouro;COLISAO;TERCA-FEIRA;BOM;DIA;SUL;-30,153696;-51,138871;2011
AV FARRAPOS;Logradouro;ATROPELAMENTO;SEXTA-FEIRA;BOM;DIA;NORTE;-29,99735;-51,197899;2011
AV JUCA BATISTA;Logradouro;COLISAO;SABADO;BOM;DIA;SUL;-30,183809;-51,174744;2011
AV ASSIS BRASIL;Logradouro;ATROPELAMENTO;QUARTA-FEIRA;BOM;DIA;NORTE;-30,007802;-51,18094;2011
R DR SARMENTO BARATA;Logradouro;QUEDA;SEXTA-FEIRA;BOM;DIA;SUL;-30,113098;-51,179009;2011
R PEDRO BOTICARIO;Logradouro;ABALROAMENTO;SEXTA-FEIRA;BOM;DIA;SUL;-30,072477;-51,199714;2011
AV PRESIDENTE CASTELO BRANCO;Logradouro;COLISAO;SEGUNDA-FEIRA;BOM;DIA;CENTRO;-29,997855;-51,206889;2011
AV JOAO PESSOA;Logradouro;ATROPELAMENTO;SEGUNDA-FEIRA;BOM;DIA;CENTRO;-30,036683;-51,219192;2011
AV DA CAVALHADA;Logradouro;QUEDA;TERCA-FEIRA;NUBLADO;DIA;SUL;-30,094834;-51,226286;2011
AV EDGAR PIRES DE CASTRO;Logradouro;CHOQUE;QUINTA-FEIRA;BOM;DIA;SUL;-30,210686;-51,109397;2011
AV PROTASIO ALVES;Logradouro;ATROPELAMENTO;SABADO;BOM;NOITE;LESTE;-30,038808;-51,125421;2011
AV PROTASIO ALVES;Logradouro;ABALROAMENTO;TERCA-FEIRA;BOM;DIA;LESTE;-30,04245;-51,182595;2011
AV LOUREIRO DA SILVA;Logradouro;ATROPELAMENTO;QUINTA-FEIRA;BOM;NOITE;CENTRO;-30,034723;-51,224385;2011
R GUADALAJARA;Logradouro;ABALROAMENTO;TERCA-FEIRA;BOM;DIA;LESTE;-30,029631;-51,143558;2011
ESTR JOAO DE OLIVEIRA REMIAO;Logradouro;ATROPELAMENTO;SEXTA-FEIRA;BOM;DIA;LESTE;-30,082614;-51,131742;2011
AV ASSIS BRASIL;Logradouro;TOMBAMENTO;SEGUNDA-FEIRA;BOM;DIA;NORTE;-30,007659;-51,142639;2011
R PROF CRISTIANO FISCHER;Logradouro;ATROPELAMENTO;TERCA-FEIRA;BOM;DIA;LESTE;-30,040149;-51,171761;2011
AV IPIRANGA;Cruzamento;ABALROAMENTO;QUARTA-FEIRA;BOM;NOITE;LESTE;-30,056841;-51,183922;2011
AV SERTORIO;Logradouro;QUEDA;QUARTA-FEIRA;BOM;NOITE;NORTE;-29,997276;-51,136905;2011
AV JUCA BATISTA;Logradouro;ATROPELAMENTO;QUINTA-FEIRA;BOM;DIA;SUL;-30,141371;-51,218159;2011
R CAIRU;Logradouro;ABALROAMENTO;SEXTA-FEIRA;BOM;NOITE;NORTE;-30,005016;-51,195826;2011
ESTR JOAO DE OLIVEIRA REMIAO;Logradouro;ATROPELAMENTO;DOMINGO;CHUVOSO;DIA;LESTE;-30,107717;-51,11274;2011
AV IPIRANGA;Cruzamento;CHOQUE;TERCA-FEIRA;BOM;DIA;CENTRO;-30,046731;-51,227522;2011
AV PLINIO KROEFF;Logradouro;ATROPELAMENTO;QUARTA-FEIRA;BOM;NOITE;NORTE;-29,996839;-51,114153;2011
ESTR JOAO ANTONIO SILVEIRA;Logradouro;COLISAO;DOMINGO;BOM;NOITE;SUL;-30,159058;-51,147754;2011
AV ASSIS BRASIL;Logradouro;ABALROAMENTO;SEGUNDA-FEIRA;BOM;NOITE;NORTE;-30,001885;-51,134648;2011
AV EDVALDO PEREIRA PAIVA;Logradouro;ATROPELAMENTO;TERCA-FEIRA;BOM;NOITE;CENTRO;-30,047076;-51,232737;2011
AV CRISTOVAO COLOMBO;Logradouro;ATROPELAMENTO;QUARTA-FEIRA;BOM;DIA;CENTRO;-30,024264;-51,212003;2011
AV TRAMANDAI;Logradouro;ATROPELAMENTO;SEGUNDA-FEIRA;BOM;DIA;SUL;-30,134628;-51,227295;2011
AV ASSIS BRASIL;Logradouro;ATROPELAMENTO;SEXTA-FEIRA;BOM;DIA;NORTE;-29,986186;-51,121282;2011
AV PROTASIO ALVES;Logradouro;ATROPELAMENTO;SEGUNDA-FEIRA;BOM;DIA;LESTE;-30,042919;-51,103153;2011
AV SERTORIO;Logradouro;ATROPELAMENTO;QUINTA-FEIRA;BOM;NOITE;NORTE;-30,000046;-51,194567;2011
AV BENTO GONCALVES;Logradouro;CHOQUE;QUINTA-FEIRA;BOM;NOITE;LESTE;-30,060857;-51,167584;2011
AV PROF OSCAR PEREIRA;Logradouro;ABALROAMENTO;SEXTA-FEIRA;NUBLADO;DIA;SUL;-30,098272;-51,173063;2011
AV JUCA BATISTA;Logradouro;COLISAO;SABADO;BOM;NOITE;SUL;-30,187903;-51,174526;2011
AV JUCA BATISTA;Logradouro;COLISAO;DOMINGO;CHUVOSO;NOITE;SUL;-30,183809;-51,174744;2011
R DONA MARGARIDA;Logradouro;ATROPELAMENTO;TERCA-FEIRA;NUBLADO;DIA;NORTE;-29,99821;-51,197003;2011
AV PROTASIO ALVES;Logradouro;ATROPELAMENTO;QUINTA-FEIRA;BOM;DIA;LESTE;-30,039034;-51,162566;2011
AV FARRAPOS;Cruzamento;COLISAO;SABADO;BOM;DIA;CENTRO;-30,025665;-51,217212;2011
ESTR COSTA GAMA;Logradouro;COLISAO;QUINTA-FEIRA;BOM;DIA;SUL;-30,125401;-51,173937;2011
AV INDEPENDENCIA;Cruzamento;ABALROAMENTO;QUARTA-FEIRA;BOM;NOITE;CENTRO;-30,028486;-51,21722;2011
AV ANTONIO CARVALHO;Logradouro;ATROPELAMENTO;SEXTA-FEIRA;BOM;DIA;LESTE;-30,047101;-51,143828;2011
R FREDERICO MENTZ;Logradouro;ATROPELAMENTO;SABADO;BOM;NOITE;NORTE;-29,981612;-51,197578;2011
AV ANTONIO CARVALHO;Logradouro;CHOQUE;SABADO;BOM;DIA;LESTE;-30,048525;-51,144227;2011
AV ASSIS BRASIL;Logradouro;ATROPELAMENTO;SEGUNDA-FEIRA;BOM;DIA;NORTE;-29,992191;-51,128218;2011
BC DOMIENCE SILVA;Logradouro;ATROPELAMENTO;TERCA-FEIRA;BOM;NOITE;SUL;-30,183417;-51,216551;2011
ESTR JOAO ANTONIO SILVEIRA;Logradouro;QUEDA;QUARTA-FEIRA;CHUVOSO;NOITE;SUL;-30,148608;-51,132133;2011
R CURUPAITI;Logradouro;CHOQUE;DOMINGO;CHUVOSO;NOITE;SUL;-30,082634;-51,238661;2011
AV NILOPOLIS;Logradouro;ATROPELAMENTO;SEXTA-FEIRA;BOM;DIA;LESTE;-30,036811;-51,188139;2011
R ADHERBAL BARBOSA FARIA;Logradouro;CHOQUE;SEXTA-FEIRA;BOM;NOITE;NORTE;-29,978607;-51,137436;2011
AV SERTORIO;Logradouro;CHOQUE;SABADO;BOM;NOITE;NORTE;-30,002318;-51,178714;2011
R VINTE QUATRO DE OUTUBRO;Cruzamento;ATROPELAMENTO;SABADO;BOM;DIA;LESTE;-30,023724;-51,20075;2011
AV OSVALDO ARANHA;Logradouro;ATROPELAMENTO;SABADO;BOM;DIA;CENTRO;-30,032057;-51,21751;2011
AV FARRAPOS;Logradouro;ATROPELAMENTO;SEGUNDA-FEIRA;BOM;NOITE;NORTE;-30,008368;-51,202101;2011
R GEN VASCO ALVES;Logradouro;ATROPELAMENTO;TERCA-FEIRA;BOM;DIA;CENTRO;-30,033569;-51,238107;2011
R CAPITAO ANDRE LAGO PARIS;Cruzamento;ABALROAMENTO;QUARTA-FEIRA;BOM;NOITE;LESTE;-30,069939;-51,183799;2011
AV BENTO GONCALVES;Logradouro;CHOQUE;QUINTA-FEIRA;BOM;NOITE;LESTE;-30,061576;-51,177607;2011
R CAIRU;Cruzamento;ABALROAMENTO;SABADO;BOM;NOITE;NORTE;-30,004665;-51,196876;2011
AV BENTO GONCALVES;Logradouro;CHOQUE;SABADO;BOM;DIA;LESTE;-30,061357;-51,163378;2011
AV BENTO GONCALVES;Logradouro;CHOQUE;DOMINGO;BOM;NOITE;LESTE;-30,063798;-51,183069;2011
ESTR COSTA GAMA;Logradouro;COLISAO;SEGUNDA-FEIRA;BOM;NOITE;SUL;-30,137182;-51,168666;2011
AV ECON NILO WULFF;Logradouro;ATROPELAMENTO;TERCA-FEIRA;BOM;NOITE;SUL;-30,150373;-51,143705;2011
AV BENTO GONCALVES;Logradouro;QUEDA;QUARTA-FEIRA;BOM;NOITE;LESTE;-30,075964;-51,125475;2011
AV JOAO PESSOA;Logradouro;ATROPELAMENTO;QUINTA-FEIRA;NUBLADO;NOITE;CENTRO;-30,040743;-51,216034;2011
AV BALTAZAR DE OLIVEIRA GARCIA;Logradouro;ABALROAMENTO;DOMINGO;NUBLADO;NOITE;NORTE;-30,008803;-51,141311;2011
AV PRAIA DE BELAS;Logradouro;ATROPELAMENTO;SEGUNDA-FEIRA;CHUVOSO;DIA;CENTRO;-30,040501;-51,22794;2011
AV DA CAVALHADA;Logradouro;CHOQUE;TERCA-FEIRA;BOM;DIA;SUL;-30,10292;-51,230245;2011
AV ECOVILLE;Logradouro;ATROPELAMENTO;SEXTA-FEIRA;BOM;DIA;NORTE;-30,001213;-51,123278;2011
AV PLINIO BRASIL MILANO;Logradouro;ATROPELAMENTO;TERCA-FEIRA;BOM;DIA;NORTE;-30,01342;-51,171863;2011
AV BERNARDINO SILVEIRA DE AMORIM;Logradouro;ABALROAMENTO;QUARTA-FEIRA;BOM;NOITE;NORTE;-30,001282;-51,103291;2011
AV PROF OSCAR PEREIRA;Logradouro;CHOQUE;DOMINGO;BOM;DIA;SUL;-30,067119;-51,205307;2011
R VOLUNTARIOS DA PATRIA;Logradouro;ATROPELAMENTO;SEGUNDA-FEIRA;BOM;DIA;CENTRO;-30,024257;-51,217431;2011
AV A J RENNER;Logradouro;ATROPELAMENTO;QUARTA-FEIRA;BOM;NOITE;NORTE;-29,97468;-51,178856;2011
AV ANTONIO CARVALHO;Logradouro;CHOQUE;DOMINGO;BOM;NOITE;LESTE;-30,051202;-51,146165;2011
AV EDGAR PIRES DE CASTRO;Logradouro;ATROPELAMENTO;SABADO;BOM;NOITE;SUL;-30,202471;-51,117216;2011
AV BRASILIA;Logradouro;COLISAO;DOMINGO;BOM;DIA;NORTE;-30,020491;-51,148082;2011
ESTR CHAPEU DO SOL;Logradouro;ABALROAMENTO;SEGUNDA-FEIRA;BOM;NOITE;SUL;-30,177552;-51,166953;2011
R VINTE QUATRO DE OUTUBRO;Cruzamento;ATROPELAMENTO;QUINTA-FEIRA;BOM;DIA;LESTE;-30,023724;-51,20075;2011
AV BENJAMIN CONSTANT;Logradouro;CHOQUE;DOMINGO;BOM;DIA;NORTE;-30,006171;-51,190938;2011
AV IPIRANGA;Logradouro;ABALROAMENTO;SEGUNDA-FEIRA;BOM;NOITE;LESTE;-30,062915;-51,150089;2011
AV BENTO GONCALVES;Logradouro;ATROPELAMENTO;TERCA-FEIRA;BOM;DIA;LESTE;-30,069514;-51,141541;2011
AV MAURICIO SELIGMAN;Logradouro;ABALROAMENTO;TERCA-FEIRA;BOM;NOITE;NORTE;-30,009221;-51,094985;2011
R LIBERAL;Logradouro;CHOQUE;QUARTA-FEIRA;BOM;;SUL;-30,114065;-51,244384;2011
R DONA LAURA;Cruzamento;ABALROAMENTO;SEXTA-FEIRA;BOM;DIA;LESTE;-30,028725;-51,202929;2011
AV DR NILO PECANHA;Logradouro;ATROPELAMENTO;SABADO;BOM;NOITE;LESTE;-30,033825;-51,185182;2011
AV JUCA BATISTA;Logradouro;ATROPELAMENTO;SABADO;BOM;DIA;SUL;-30,144772;-51,212379;2011
AV JUCA BATISTA;Logradouro;ATROPELAMENTO;SABADO;BOM;NOITE;SUL;-30,183809;-51,174744;2011
AV DA CAVALHADA;Logradouro;ATROPELAMENTO;SEGUNDA-FEIRA;BOM;DIA;SUL;-30,109522;-51,22688;2011
AV JUCA BATISTA;Cruzamento;CHOQUE;QUARTA-FEIRA;BOM;NOITE;SUL;-30,137993;-51,220541;2011
AV BENTO GONCALVES;Logradouro;COLISAO;TERCA-FEIRA;BOM;NOITE;LESTE;-30,073017;-51,137065;2011
AV PROF OSCAR PEREIRA;Logradouro;COLISAO;TERCA-FEIRA;BOM;NOITE;SUL;-30,103478;-51,172383;2011
ESTR JOAO DE OLIVEIRA REMIAO;Logradouro;CHOQUE;DOMINGO;BOM;NOITE;LESTE;-30,124577;-51,101872;2011
LG VESPASIANO JULIO VEPPO;Logradouro;ATROPELAMENTO;DOMINGO;BOM;DIA;CENTRO;-30,022455;-51,218339;2011
AV FARRAPOS;Cruzamento;ATROPELAMENTO;SEGUNDA-FEIRA;BOM;DIA;CENTRO;-30,021373;-51,212243;2011
ESTR CRISTIANO KRAEMER;Logradouro;CHOQUE;DOMINGO;BOM;NOITE;SUL;-30,128956;-51,200941;2011
AV ASSIS BRASIL;Logradouro;ATROPELAMENTO;DOMINGO;BOM;DIA;NORTE;-30,007307;-51,183912;2011
AV PLINIO BRASIL MILANO;Logradouro;ATROPELAMENTO;QUINTA-FEIRA;BOM;DIA;LESTE;-30,017654;-51,175328;2011
AV DA AZENHA;Logradouro;ATROPELAMENTO;QUINTA-FEIRA;BOM;DIA;SUL;-30,05549;-51,215079;2011
R DA CONCEICAO;Logradouro;ATROPELAMENTO;QUARTA-FEIRA;BOM;NOITE;CENTRO;-30,023968;-51,219995;2011
ESTR JOAO DE OLIVEIRA REMIAO;Logradouro;ATROPELAMENTO;QUINTA-FEIRA;BOM;DIA;LESTE;-30,110157;-51,110144;2011
ESTR COSTA GAMA;Logradouro;ABALROAMENTO;QUINTA-FEIRA;BOM;DIA;SUL;-30,137835;-51,167887;2011
AV ASSIS BRASIL;Logradouro;ABALROAMENTO;SABADO;BOM;DIA;NORTE;-29,969393;-51,115;2011
AV BENTO GONCALVES;Logradouro;CHOQUE;DOMINGO;BOM;DIA;LESTE;-30,056263;-51,19659;2011
ESTR CRISTIANO KRAEMER;Logradouro;COLISAO;SEXTA-FEIRA;BOM;DIA;SUL;-30,127893;-51,201751;2011
AV BENTO GONCALVES;Logradouro;ATROPELAMENTO;SABADO;BOM;DIA;LESTE;-30,07411;-51,13502;2011
AV PLINIO BRASIL MILANO;Logradouro;ATROPELAMENTO;SABADO;BOM;DIA;NORTE;-30,015551;-51,171959;2011
AV WENCESLAU ESCOBAR;Logradouro;ATROPELAMENTO;TERCA-FEIRA;BOM;DIA;SUL;-30,113484;-51,254625;2011
ESTR JOAO DE OLIVEIRA REMIAO;Logradouro;ATROPELAMENTO;SEXTA-FEIRA;BOM;NOITE;LESTE;-30,082716;-51,131736;2011
ESTR JOAO DE OLIVEIRA REMIAO;Logradouro;ABALROAMENTO;SABADO;NUBLADO;DIA;LESTE;-30,138262;-51,091637;2011
AV IPIRANGA;Logradouro;TOMBAMENTO;DOMINGO;BOM;NOITE;LESTE;-30,061248;-51,151256;2011
ESTR JOAO DE OLIVEIRA REMIAO;Logradouro;CHOQUE;DOMINGO;BOM;DIA;LESTE;-30,123857;-51,107745;2011
AV ERICO VERISSIMO;Logradouro;ATROPELAMENTO;SEGUNDA-FEIRA;BOM;NOITE;SUL;-30,043666;-51,219938;2011
R SENHOR DO BOM FIM;Logradouro;ABALROAMENTO;TERCA-FEIRA;BOM;DIA;NORTE;-29,987825;-51,121351;2011
